-- phpMyAdmin SQL Dump
-- version 4.9.5
-- https://www.phpmyadmin.net/
--
-- Anamakine: localhost:3306
-- Üretim Zamanı: 24 Haz 2021, 01:47:52
-- Sunucu sürümü: 10.2.37-MariaDB-cll-lve
-- PHP Sürümü: 7.3.6

SET SQL_MODE = "NO_AUTO_VALUE_ON_ZERO";
SET AUTOCOMMIT = 0;
START TRANSACTION;
SET time_zone = "+00:00";


/*!40101 SET @OLD_CHARACTER_SET_CLIENT=@@CHARACTER_SET_CLIENT */;
/*!40101 SET @OLD_CHARACTER_SET_RESULTS=@@CHARACTER_SET_RESULTS */;
/*!40101 SET @OLD_COLLATION_CONNECTION=@@COLLATION_CONNECTION */;
/*!40101 SET NAMES utf8mb4 */;

--
-- Veritabanı: `moodle_fahp`
--

-- --------------------------------------------------------

--
-- Tablo için tablo yapısı `experts`
--

CREATE TABLE `experts` (
  `id` int(10) UNSIGNED NOT NULL,
  `nama` varchar(191) COLLATE utf8mb4_unicode_ci NOT NULL,
  `created_at` timestamp NULL DEFAULT NULL,
  `updated_at` timestamp NULL DEFAULT NULL,
  `deleted_at` timestamp NULL DEFAULT NULL
) ENGINE=InnoDB DEFAULT CHARSET=utf8mb4 COLLATE=utf8mb4_unicode_ci;

--
-- Tablo döküm verisi `experts`
--

INSERT INTO `experts` (`id`, `nama`, `created_at`, `updated_at`, `deleted_at`) VALUES
(1, 'adasd', '2021-04-29 05:20:31', '2021-04-29 05:24:29', '2021-04-29 05:24:29'),
(2, 'ads', '2021-04-29 05:20:38', '2021-04-29 05:24:26', '2021-04-29 05:24:26'),
(3, 'asd', '2021-04-29 05:24:50', '2021-04-29 06:54:46', '2021-04-29 06:54:46'),
(4, 'ab', '2021-04-29 06:56:50', '2021-04-29 07:01:02', '2021-04-29 07:01:02'),
(5, 'ad', '2021-04-29 06:57:49', '2021-04-29 07:01:04', '2021-04-29 07:01:04'),
(6, 'ae', '2021-04-29 07:03:03', '2021-04-29 07:05:00', '2021-04-29 07:05:00'),
(7, 'af', '2021-04-29 07:03:22', '2021-04-29 07:05:02', '2021-04-29 07:05:02'),
(8, 'ae', '2021-04-29 07:05:13', '2021-04-29 07:08:29', '2021-04-29 07:08:29'),
(9, 'af', '2021-04-29 07:05:18', '2021-04-29 07:08:27', '2021-04-29 07:08:27'),
(10, 'dd', '2021-04-29 15:42:44', '2021-04-29 15:47:01', '2021-04-29 15:47:01'),
(11, 'ff', '2021-04-29 15:42:48', '2021-04-29 15:47:03', '2021-04-29 15:47:03'),
(12, 'ee', '2021-04-29 15:42:52', '2021-04-29 15:47:05', '2021-04-29 15:47:05'),
(13, 'a', '2021-04-29 15:54:32', '2021-06-21 09:21:39', '2021-06-21 09:21:39'),
(14, 'b', '2021-04-29 15:54:40', '2021-06-21 09:21:41', '2021-06-21 09:21:41'),
(15, 'c', '2021-04-29 15:54:43', '2021-06-21 09:21:43', '2021-06-21 09:21:43'),
(16, 'x', '2021-06-21 09:23:30', '2021-06-21 09:23:38', '2021-06-21 09:23:38'),
(17, 'x', '2021-06-21 09:24:32', '2021-06-21 09:39:00', '2021-06-21 09:39:00'),
(18, 'y', '2021-06-21 09:24:36', '2021-06-21 09:39:02', '2021-06-21 09:39:02'),
(19, 'z', '2021-06-21 09:24:40', '2021-06-21 09:39:04', '2021-06-21 09:39:04'),
(20, 'cx', '2021-06-22 13:45:07', '2021-06-22 13:45:07', NULL),
(21, 'vc', '2021-06-22 13:45:13', '2021-06-22 13:45:13', NULL);

-- --------------------------------------------------------

--
-- Tablo için tablo yapısı `expert_kriteria_comparisons`
--

CREATE TABLE `expert_kriteria_comparisons` (
  `id` int(10) UNSIGNED NOT NULL,
  `data` longtext COLLATE utf8mb4_unicode_ci NOT NULL,
  `created_at` timestamp NULL DEFAULT NULL,
  `updated_at` timestamp NULL DEFAULT NULL,
  `deleted_at` timestamp NULL DEFAULT NULL
) ENGINE=InnoDB DEFAULT CHARSET=utf8mb4 COLLATE=utf8mb4_unicode_ci;

-- --------------------------------------------------------

--
-- Tablo için tablo yapısı `expert_sub_comparisons`
--

CREATE TABLE `expert_sub_comparisons` (
  `id` int(10) UNSIGNED NOT NULL,
  `data` longtext COLLATE utf8mb4_unicode_ci NOT NULL,
  `kriteria_id` int(10) UNSIGNED NOT NULL,
  `created_at` timestamp NULL DEFAULT NULL,
  `updated_at` timestamp NULL DEFAULT NULL,
  `deleted_at` timestamp NULL DEFAULT NULL
) ENGINE=InnoDB DEFAULT CHARSET=utf8mb4 COLLATE=utf8mb4_unicode_ci;

-- --------------------------------------------------------

--
-- Tablo için tablo yapısı `fuzzy_kriterias`
--

CREATE TABLE `fuzzy_kriterias` (
  `id` int(10) UNSIGNED NOT NULL,
  `data` longtext COLLATE utf8mb4_unicode_ci NOT NULL,
  `deleted_at` timestamp NULL DEFAULT NULL,
  `created_at` timestamp NULL DEFAULT NULL,
  `updated_at` timestamp NULL DEFAULT NULL
) ENGINE=InnoDB DEFAULT CHARSET=utf8mb4 COLLATE=utf8mb4_unicode_ci;

--
-- Tablo döküm verisi `fuzzy_kriterias`
--

INSERT INTO `fuzzy_kriterias` (`id`, `data`, `deleted_at`, `created_at`, `updated_at`) VALUES
(1, 'a:2:{s:9:\"sisntesis\";a:3:{s:6:\"jumlah\";a:2:{i:0;a:3:{i:0;d:1.3333333333333332593184650249895639717578887939453125;i:1;d:2;i:2;i:2;}i:1;a:3:{i:0;d:1.3333333333333332593184650249895639717578887939453125;i:1;d:2;i:2;i:2;}}s:5:\"total\";a:3:{i:0;d:2.666666666666666518636930049979127943515777587890625;i:1;d:4;i:2;i:4;}s:2:\"si\";a:2:{i:0;a:3:{i:0;d:0.333333333333333314829616256247390992939472198486328125;i:1;d:0.5;i:2;d:0.75;}i:1;a:3:{i:0;d:0.333333333333333314829616256247390992939472198486328125;i:1;d:0.5;i:2;d:0.75;}}}s:6:\"vektor\";a:2:{i:0;a:1:{i:0;i:1;}i:1;a:1:{i:0;i:1;}}}', NULL, '2021-06-22 17:09:53', '2021-06-22 17:09:53'),
(2, 'a:2:{s:9:\"sisntesis\";a:3:{s:6:\"jumlah\";a:2:{i:0;a:3:{i:0;d:1;i:1;d:3;i:2;d:5;}i:1;a:3:{i:0;d:1.25;i:1;d:1.5;i:2;i:2;}}s:5:\"total\";a:3:{i:0;d:2.25;i:1;d:4.5;i:2;d:7;}s:2:\"si\";a:2:{i:0;a:3:{i:0;d:0.142857142857142849212692681248881854116916656494140625;i:1;d:0.66666666666666662965923251249478198587894439697265625;i:2;d:2.22222222222222232090871330001391470432281494140625;}i:1;a:3:{i:0;d:0.1785714285714285753936536593755590729415416717529296875;i:1;d:0.333333333333333314829616256247390992939472198486328125;i:2;d:0.888888888888888839545643349993042647838592529296875;}}}s:6:\"vektor\";a:2:{i:0;a:1:{i:0;i:1;}i:1;a:1:{i:0;d:0.69117647058823539207850217280793003737926483154296875;}}}', NULL, '2021-06-22 17:09:53', '2021-06-22 17:09:53');

-- --------------------------------------------------------

--
-- Tablo için tablo yapısı `fuzzy_subs`
--

CREATE TABLE `fuzzy_subs` (
  `id` int(10) UNSIGNED NOT NULL,
  `data` longtext COLLATE utf8mb4_unicode_ci NOT NULL,
  `kriteria_id` int(10) UNSIGNED NOT NULL,
  `created_at` timestamp NULL DEFAULT NULL,
  `updated_at` timestamp NULL DEFAULT NULL,
  `deleted_at` timestamp NULL DEFAULT NULL
) ENGINE=InnoDB DEFAULT CHARSET=utf8mb4 COLLATE=utf8mb4_unicode_ci;

--
-- Tablo döküm verisi `fuzzy_subs`
--

INSERT INTO `fuzzy_subs` (`id`, `data`, `kriteria_id`, `created_at`, `updated_at`, `deleted_at`) VALUES
(1, 'a:2:{s:9:\"sisntesis\";a:3:{s:6:\"jumlah\";a:2:{i:0;a:3:{i:0;d:8;i:1;d:10;i:2;d:12;}i:1;a:3:{i:0;d:1.09090909090909082834741639089770615100860595703125;i:1;d:1.111111111111111160454356650006957352161407470703125;i:2;d:1.142857142857142793701541449991054832935333251953125;}}s:5:\"total\";a:3:{i:0;d:9.090909090909089940168996690772473812103271484375;i:1;d:11.111111111111110716365146799944341182708740234375;i:2;d:13.142857142857142349612331599928438663482666015625;}s:2:\"si\";a:2:{i:0;a:3:{i:0;d:0.60869565217391308209471390000544488430023193359375;i:1;d:0.90000000000000002220446049250313080847263336181640625;i:2;d:1.3200000000000000621724893790087662637233734130859375;}i:1;a:3:{i:0;d:0.0830039525691699531240175247148727066814899444580078125;i:1;d:0.1000000000000000055511151231257827021181583404541015625;i:2;d:0.125714285714285722850291904251207597553730010986328125;}}}s:6:\"vektor\";a:2:{i:0;a:1:{i:0;i:1;}i:1;a:1:{i:0;i:0;}}}', 26, '2021-06-22 17:09:57', '2021-06-22 17:09:57', NULL),
(2, 'a:2:{s:9:\"sisntesis\";a:3:{s:6:\"jumlah\";a:2:{i:0;a:3:{i:0;d:7;i:1;d:9;i:2;d:11;}i:1;a:3:{i:0;d:1.100000000000000088817841970012523233890533447265625;i:1;d:1.125;i:2;d:1.1666666666666667406815349750104360282421112060546875;}}s:5:\"total\";a:3:{i:0;d:8.0999999999999996447286321199499070644378662109375;i:1;d:10.125;i:2;d:12.1666666666666660745477201999165117740631103515625;}s:2:\"si\";a:2:{i:0;a:3:{i:0;d:0.575342465753424736618626411654986441135406494140625;i:1;d:0.888888888888888839545643349993042647838592529296875;i:2;d:1.3580246913580247269948131361161358654499053955078125;}i:1;a:3:{i:0;d:0.090410958904109606226739970225025899708271026611328125;i:1;d:0.111111111111111104943205418749130330979824066162109375;i:2;d:0.14403292181069959898565002731629647314548492431640625;}}}s:6:\"vektor\";a:2:{i:0;a:1:{i:0;i:1;}i:1;a:1:{i:0;i:0;}}}', 26, '2021-06-22 17:09:57', '2021-06-22 17:09:57', NULL),
(3, 'a:2:{s:9:\"sisntesis\";a:3:{s:6:\"jumlah\";a:2:{i:0;a:3:{i:0;d:6;i:1;d:8;i:2;d:10;}i:1;a:3:{i:0;d:1.111111111111111160454356650006957352161407470703125;i:1;d:1.142857142857142793701541449991054832935333251953125;i:2;d:1.1999999999999999555910790149937383830547332763671875;}}s:5:\"total\";a:3:{i:0;d:7.111111111111110716365146799944341182708740234375;i:1;d:9.142857142857142349612331599928438663482666015625;i:2;d:11.199999999999999289457264239899814128875732421875;}s:2:\"si\";a:2:{i:0;a:3:{i:0;d:0.53571428571428569842538536249776370823383331298828125;i:1;d:0.875;i:2;d:1.40625;}i:1;a:3:{i:0;d:0.0992063492063492147199355031261802650988101959228515625;i:1;d:0.125;i:2;d:0.168750000000000011102230246251565404236316680908203125;}}}s:6:\"vektor\";a:2:{i:0;a:1:{i:0;i:1;}i:1;a:1:{i:0;i:0;}}}', 27, '2021-06-22 17:09:57', '2021-06-22 17:09:57', NULL),
(4, 'a:2:{s:9:\"sisntesis\";a:3:{s:6:\"jumlah\";a:2:{i:0;a:3:{i:0;d:5;i:1;d:7;i:2;d:9;}i:1;a:3:{i:0;d:1.125;i:1;d:1.1666666666666667406815349750104360282421112060546875;i:2;d:1.25;}}s:5:\"total\";a:3:{i:0;d:6.125;i:1;d:8.1666666666666660745477201999165117740631103515625;i:2;d:10.25;}s:2:\"si\";a:2:{i:0;a:3:{i:0;d:0.487804878048780476973433906096033751964569091796875;i:1;d:0.857142857142857206298458550008945167064666748046875;i:2;d:1.4693877551020408933624139535822905600070953369140625;}i:1;a:3:{i:0;d:0.10975609756097561009458019043449894525110721588134765625;i:1;d:0.1428571428571428769682682968777953647077083587646484375;i:2;d:0.2040816326530612290213184678577817976474761962890625;}}}s:6:\"vektor\";a:2:{i:0;a:1:{i:0;i:1;}i:1;a:1:{i:0;i:0;}}}', 27, '2021-06-22 17:09:57', '2021-06-22 17:09:57', NULL);

-- --------------------------------------------------------

--
-- Tablo için tablo yapısı `kriterias`
--

CREATE TABLE `kriterias` (
  `id` int(10) UNSIGNED NOT NULL,
  `nama_kriteria` varchar(25) COLLATE utf8mb4_unicode_ci NOT NULL,
  `created_at` timestamp NULL DEFAULT NULL,
  `updated_at` timestamp NULL DEFAULT NULL,
  `deleted_at` timestamp NULL DEFAULT NULL
) ENGINE=InnoDB DEFAULT CHARSET=utf8mb4 COLLATE=utf8mb4_unicode_ci;

--
-- Tablo döküm verisi `kriterias`
--

INSERT INTO `kriterias` (`id`, `nama_kriteria`, `created_at`, `updated_at`, `deleted_at`) VALUES
(1, 'ab', '2021-04-20 17:10:48', '2021-04-20 17:12:00', '2021-04-20 17:12:00'),
(2, 'dtb', '2021-04-20 17:11:00', '2021-04-20 17:11:56', '2021-04-20 17:11:56'),
(3, 'mb', '2021-04-20 17:11:06', '2021-04-20 17:11:58', '2021-04-20 17:11:58'),
(4, 'kg', '2021-04-20 17:11:14', '2021-04-20 17:11:54', '2021-04-20 17:11:54'),
(5, 'if', '2021-04-20 17:12:07', '2021-04-29 05:10:22', '2021-04-29 05:10:22'),
(6, 'kf', '2021-04-20 17:12:13', '2021-04-29 05:10:19', '2021-04-29 05:10:19'),
(7, 'asd', '2021-04-29 05:27:18', '2021-04-29 07:00:55', '2021-04-29 07:00:55'),
(8, 'ab', '2021-04-29 06:55:24', '2021-04-29 07:00:57', '2021-04-29 07:00:57'),
(9, 'mb', '2021-04-29 06:56:14', '2021-04-29 07:00:59', '2021-04-29 07:00:59'),
(10, 'ab', '2021-04-29 07:01:35', '2021-04-29 07:08:32', '2021-04-29 07:08:32'),
(11, 'ad', '2021-04-29 07:01:41', '2021-04-29 07:08:34', '2021-04-29 07:08:34'),
(12, 'ac', '2021-04-29 07:01:48', '2021-04-29 07:08:36', '2021-04-29 07:08:36'),
(13, 'ab', '2021-04-29 15:41:52', '2021-04-29 15:46:55', '2021-04-29 15:46:55'),
(14, 'ac', '2021-04-29 15:42:00', '2021-04-29 15:46:57', '2021-04-29 15:46:57'),
(15, 'ad', '2021-04-29 15:42:06', '2021-04-29 15:46:58', '2021-04-29 15:46:58'),
(16, 'ab', '2021-04-29 15:53:25', '2021-04-29 15:59:03', '2021-04-29 15:59:03'),
(17, 'ac', '2021-04-29 15:53:33', '2021-04-29 15:59:05', '2021-04-29 15:59:05'),
(18, 'ad', '2021-04-29 15:53:37', '2021-04-29 15:59:06', '2021-04-29 15:59:06'),
(19, 'ab', '2021-06-21 09:12:42', '2021-06-21 09:15:47', '2021-06-21 09:15:47'),
(20, 'ab', '2021-06-21 09:15:53', '2021-06-21 09:21:34', '2021-06-21 09:21:34'),
(21, 'ac', '2021-06-21 09:18:57', '2021-06-21 09:21:36', '2021-06-21 09:21:36'),
(22, 'ab', '2021-06-21 09:22:35', '2021-06-21 09:37:10', '2021-06-21 09:37:10'),
(23, 'ac', '2021-06-21 09:22:39', '2021-06-21 09:37:13', '2021-06-21 09:37:13'),
(24, 'ab', '2021-06-21 09:38:09', '2021-06-21 09:38:56', '2021-06-21 09:38:56'),
(25, 'ac', '2021-06-21 09:38:22', '2021-06-21 09:38:58', '2021-06-21 09:38:58'),
(26, 'cs', '2021-06-22 13:44:19', '2021-06-22 13:44:19', NULL),
(27, 'cd', '2021-06-22 13:44:23', '2021-06-22 13:44:23', NULL),
(28, 'dfg', '2021-06-22 17:01:43', '2021-06-22 17:09:43', '2021-06-22 17:09:43'),
(29, 'ertertertertert', '2021-06-22 17:02:22', '2021-06-22 17:09:46', '2021-06-22 17:09:46');

-- --------------------------------------------------------

--
-- Tablo için tablo yapısı `kriteria_kriterias`
--

CREATE TABLE `kriteria_kriterias` (
  `id` int(10) UNSIGNED NOT NULL,
  `kriteria1_id` int(10) UNSIGNED NOT NULL,
  `kriteria2_id` int(10) UNSIGNED NOT NULL,
  `expert_id` int(10) UNSIGNED NOT NULL,
  `nilai` double NOT NULL,
  `created_at` timestamp NULL DEFAULT NULL,
  `updated_at` timestamp NULL DEFAULT NULL,
  `deleted_at` timestamp NULL DEFAULT NULL
) ENGINE=InnoDB DEFAULT CHARSET=utf8mb4 COLLATE=utf8mb4_unicode_ci;

--
-- Tablo döküm verisi `kriteria_kriterias`
--

INSERT INTO `kriteria_kriterias` (`id`, `kriteria1_id`, `kriteria2_id`, `expert_id`, `nilai`, `created_at`, `updated_at`, `deleted_at`) VALUES
(1, 7, 8, 4, 1, '2021-04-29 06:57:05', '2021-04-29 07:00:55', '2021-04-29 07:00:55'),
(2, 7, 9, 4, 2, '2021-04-29 06:57:12', '2021-04-29 07:00:55', '2021-04-29 07:00:55'),
(3, 8, 9, 4, 4, '2021-04-29 06:57:23', '2021-04-29 07:00:57', '2021-04-29 07:00:57'),
(4, 7, 8, 5, 2, '2021-04-29 06:57:55', '2021-04-29 07:00:55', '2021-04-29 07:00:55'),
(5, 7, 9, 5, 3, '2021-04-29 06:57:58', '2021-04-29 07:00:55', '2021-04-29 07:00:55'),
(6, 8, 9, 5, 4, '2021-04-29 06:58:04', '2021-04-29 07:00:57', '2021-04-29 07:00:57'),
(7, 10, 11, 6, 1, '2021-04-29 07:03:30', '2021-04-29 07:05:00', '2021-04-29 07:05:00'),
(8, 10, 12, 6, 3, '2021-04-29 07:03:34', '2021-04-29 07:05:00', '2021-04-29 07:05:00'),
(9, 11, 12, 6, 4, '2021-04-29 07:03:39', '2021-04-29 07:05:00', '2021-04-29 07:05:00'),
(10, 10, 11, 7, 4, '2021-04-29 07:03:47', '2021-04-29 07:05:02', '2021-04-29 07:05:02'),
(11, 10, 12, 7, 7, '2021-04-29 07:03:50', '2021-04-29 07:05:02', '2021-04-29 07:05:02'),
(12, 11, 12, 7, 1, '2021-04-29 07:03:54', '2021-04-29 07:05:02', '2021-04-29 07:05:02'),
(13, 10, 11, 8, 1, '2021-04-29 07:05:21', '2021-04-29 07:08:29', '2021-04-29 07:08:29'),
(14, 10, 12, 8, 3, '2021-04-29 07:05:24', '2021-04-29 07:08:29', '2021-04-29 07:08:29'),
(15, 11, 12, 8, 2, '2021-04-29 07:05:28', '2021-04-29 07:08:29', '2021-04-29 07:08:29'),
(16, 10, 11, 9, 7, '2021-04-29 07:05:34', '2021-04-29 07:08:27', '2021-04-29 07:08:27'),
(17, 10, 12, 9, 1, '2021-04-29 07:05:36', '2021-04-29 07:08:27', '2021-04-29 07:08:27'),
(18, 11, 12, 9, 3, '2021-04-29 07:05:39', '2021-04-29 07:08:27', '2021-04-29 07:08:27'),
(19, 13, 14, 10, 5, '2021-04-29 15:43:07', '2021-04-29 15:46:55', '2021-04-29 15:46:55'),
(20, 13, 15, 10, 6, '2021-04-29 15:43:14', '2021-04-29 15:46:55', '2021-04-29 15:46:55'),
(21, 14, 15, 10, 7, '2021-04-29 15:43:21', '2021-04-29 15:46:57', '2021-04-29 15:46:57'),
(22, 13, 14, 11, 2, '2021-04-29 15:43:33', '2021-04-29 15:46:55', '2021-04-29 15:46:55'),
(23, 13, 15, 11, 7, '2021-04-29 15:43:35', '2021-04-29 15:46:55', '2021-04-29 15:46:55'),
(24, 14, 15, 11, 1, '2021-04-29 15:43:41', '2021-04-29 15:46:57', '2021-04-29 15:46:57'),
(25, 13, 14, 12, 3, '2021-04-29 15:43:47', '2021-04-29 15:46:55', '2021-04-29 15:46:55'),
(26, 13, 15, 12, 4, '2021-04-29 15:43:50', '2021-04-29 15:46:55', '2021-04-29 15:46:55'),
(27, 14, 15, 12, 5, '2021-04-29 15:43:53', '2021-04-29 15:46:57', '2021-04-29 15:46:57'),
(28, 16, 17, 13, 2, '2021-04-29 15:54:55', '2021-04-29 15:59:03', '2021-04-29 15:59:03'),
(29, 16, 18, 13, 3, '2021-04-29 15:54:58', '2021-04-29 15:59:03', '2021-04-29 15:59:03'),
(30, 17, 18, 13, 4, '2021-04-29 15:55:03', '2021-04-29 15:59:05', '2021-04-29 15:59:05'),
(31, 16, 17, 14, 5, '2021-04-29 15:55:12', '2021-04-29 15:59:03', '2021-04-29 15:59:03'),
(32, 16, 18, 14, 6, '2021-04-29 15:55:14', '2021-04-29 15:59:03', '2021-04-29 15:59:03'),
(33, 17, 18, 14, 7, '2021-04-29 15:55:17', '2021-04-29 15:59:05', '2021-04-29 15:59:05'),
(34, 16, 17, 15, 1, '2021-04-29 15:55:23', '2021-04-29 15:59:03', '2021-04-29 15:59:03'),
(35, 16, 18, 15, 8, '2021-04-29 15:55:26', '2021-04-29 15:59:03', '2021-04-29 15:59:03'),
(36, 17, 18, 15, 9, '2021-04-29 15:55:29', '2021-04-29 15:59:05', '2021-04-29 15:59:05'),
(37, 20, 21, 13, 1, '2021-06-21 09:19:45', '2021-06-21 09:21:34', '2021-06-21 09:21:34'),
(38, 20, 21, 14, 2, '2021-06-21 09:19:55', '2021-06-21 09:21:34', '2021-06-21 09:21:34'),
(39, 20, 21, 15, 3, '2021-06-21 09:19:58', '2021-06-21 09:21:34', '2021-06-21 09:21:34'),
(40, 22, 23, 17, 1, '2021-06-21 09:24:46', '2021-06-21 09:37:10', '2021-06-21 09:37:10'),
(41, 22, 23, 18, 2, '2021-06-21 09:24:51', '2021-06-21 09:37:10', '2021-06-21 09:37:10'),
(42, 22, 23, 19, 3, '2021-06-21 09:24:53', '2021-06-21 09:37:10', '2021-06-21 09:37:10'),
(43, 26, 27, 20, 1, '2021-06-22 13:45:18', '2021-06-22 13:45:18', NULL),
(44, 26, 27, 21, 2, '2021-06-22 13:45:31', '2021-06-22 13:45:31', NULL);

-- --------------------------------------------------------

--
-- Tablo için tablo yapısı `migrations`
--

CREATE TABLE `migrations` (
  `id` int(10) UNSIGNED NOT NULL,
  `migration` varchar(191) COLLATE utf8mb4_unicode_ci NOT NULL,
  `batch` int(11) NOT NULL
) ENGINE=InnoDB DEFAULT CHARSET=utf8mb4 COLLATE=utf8mb4_unicode_ci;

--
-- Tablo döküm verisi `migrations`
--

INSERT INTO `migrations` (`id`, `migration`, `batch`) VALUES
(1, '2014_10_12_000000_create_users_table', 1),
(2, '2014_10_12_100000_create_password_resets_table', 1),
(3, '2017_10_13_150823_create_kriterias_table', 1),
(4, '2017_10_13_151359_create_sub_kriterias_table', 1),
(5, '2017_10_13_163702_create_experts_table', 1),
(6, '2017_10_13_165141_create_kriteria_kriterias_table', 1),
(7, '2017_10_14_190717_update_votes_experts', 1),
(8, '2017_10_14_204232_create_sub_kriteria_sub_kriterias_table', 1),
(9, '2017_10_15_001821_update_sub_sub_kriterias', 1),
(10, '2017_10_15_075007_update_experts', 1),
(11, '2017_10_15_153813_ExpertKriteriaComparison', 1),
(12, '2017_10_15_180620_create_table_sub_comparisons', 1),
(13, '2017_10_16_160914_create_fuzzy_kriteria', 1),
(14, '2017_10_16_191607_create_table_fuzzy_sub', 1),
(15, '2017_10_16_224523_create_pemasoks_table', 1),
(16, '2017_10_17_001958_create_pemasok_subs_table', 1),
(17, '2017_10_17_002920_update_table_pemasok_subs', 1),
(18, '2017_10_17_005035_update_pemasok_subs_table', 1),
(19, '2017_10_17_143433_pemasok_sub', 1),
(20, '2017_10_17_161252_pemasok_sub_fuzzy', 1);

-- --------------------------------------------------------

--
-- Tablo için tablo yapısı `password_resets`
--

CREATE TABLE `password_resets` (
  `email` varchar(191) COLLATE utf8mb4_unicode_ci NOT NULL,
  `token` varchar(191) COLLATE utf8mb4_unicode_ci NOT NULL,
  `created_at` timestamp NULL DEFAULT NULL
) ENGINE=InnoDB DEFAULT CHARSET=utf8mb4 COLLATE=utf8mb4_unicode_ci;

-- --------------------------------------------------------

--
-- Tablo için tablo yapısı `pemasoks`
--

CREATE TABLE `pemasoks` (
  `id` int(10) UNSIGNED NOT NULL,
  `nama_pemasok` varchar(191) COLLATE utf8mb4_unicode_ci NOT NULL,
  `created_at` timestamp NULL DEFAULT NULL,
  `updated_at` timestamp NULL DEFAULT NULL,
  `deleted_at` timestamp NULL DEFAULT NULL
) ENGINE=InnoDB DEFAULT CHARSET=utf8mb4 COLLATE=utf8mb4_unicode_ci;

--
-- Tablo döküm verisi `pemasoks`
--

INSERT INTO `pemasoks` (`id`, `nama_pemasok`, `created_at`, `updated_at`, `deleted_at`) VALUES
(1, 'asdf', '2021-04-29 06:58:24', '2021-04-29 07:01:07', '2021-04-29 07:01:07'),
(2, 'asd', '2021-04-29 06:58:32', '2021-04-29 07:01:09', '2021-04-29 07:01:09'),
(3, 'at', '2021-04-29 07:04:07', '2021-04-29 07:04:54', '2021-04-29 07:04:54'),
(4, 'an', '2021-04-29 07:04:18', '2021-04-29 07:04:52', '2021-04-29 07:04:52'),
(5, 'ae', '2021-04-29 07:06:34', '2021-04-29 07:08:19', '2021-04-29 07:08:19'),
(6, 'af', '2021-04-29 07:06:38', '2021-04-29 07:08:17', '2021-04-29 07:08:17'),
(7, 'a', '2021-04-29 15:44:14', '2021-04-29 15:47:08', '2021-04-29 15:47:08'),
(8, 'b', '2021-04-29 15:44:19', '2021-04-29 15:47:09', '2021-04-29 15:47:09'),
(9, 'c', '2021-04-29 15:44:22', '2021-04-29 15:47:11', '2021-04-29 15:47:11'),
(10, 'f', '2021-04-29 15:55:59', '2021-06-21 09:21:48', '2021-06-21 09:21:48'),
(11, 'g', '2021-04-29 15:56:03', '2021-06-21 09:21:50', '2021-06-21 09:21:50'),
(12, 'h', '2021-04-29 15:56:06', '2021-06-21 09:21:52', '2021-06-21 09:21:52'),
(13, 'g', '2021-06-21 09:25:50', '2021-06-21 09:39:07', '2021-06-21 09:39:07'),
(14, 'h', '2021-06-21 09:25:55', '2021-06-21 09:39:10', '2021-06-21 09:39:10'),
(15, 'j', '2021-06-21 09:25:58', '2021-06-21 09:39:11', '2021-06-21 09:39:11'),
(16, 'a', '2021-06-22 13:45:49', '2021-06-22 13:45:49', NULL),
(17, 'b', '2021-06-22 13:45:53', '2021-06-22 13:45:53', NULL);

-- --------------------------------------------------------

--
-- Tablo için tablo yapısı `pemasok_fuzzy_results`
--

CREATE TABLE `pemasok_fuzzy_results` (
  `id` int(10) UNSIGNED NOT NULL,
  `data` longtext COLLATE utf8mb4_unicode_ci NOT NULL,
  `kriteria_id` int(10) UNSIGNED NOT NULL,
  `expert_id` int(10) UNSIGNED NOT NULL,
  `sub_kriteria_id` int(10) UNSIGNED NOT NULL,
  `created_at` timestamp NULL DEFAULT NULL,
  `updated_at` timestamp NULL DEFAULT NULL,
  `deleted_at` timestamp NULL DEFAULT NULL
) ENGINE=InnoDB DEFAULT CHARSET=utf8mb4 COLLATE=utf8mb4_unicode_ci;

--
-- Tablo döküm verisi `pemasok_fuzzy_results`
--

INSERT INTO `pemasok_fuzzy_results` (`id`, `data`, `kriteria_id`, `expert_id`, `sub_kriteria_id`, `created_at`, `updated_at`, `deleted_at`) VALUES
(1, 'a:2:{s:9:\"sisntesis\";a:3:{s:6:\"jumlah\";a:2:{i:0;a:3:{i:0;d:4;i:1;d:6;i:2;d:8;}i:1;a:3:{i:0;d:1.142857142857142793701541449991054832935333251953125;i:1;d:1.1999999999999999555910790149937383830547332763671875;i:2;d:1.3333333333333332593184650249895639717578887939453125;}}s:5:\"total\";a:3:{i:0;d:5.142857142857142349612331599928438663482666015625;i:1;d:7.20000000000000017763568394002504646778106689453125;i:2;d:9.3333333333333339254522798000834882259368896484375;}s:2:\"si\";a:2:{i:0;a:3:{i:0;d:0.428571428571428547638078043746645562350749969482421875;i:1;d:0.8333333333333332593184650249895639717578887939453125;i:2;d:1.555555555555555802271783250034786760807037353515625;}i:1;a:3:{i:0;d:0.12244897959183671798388814977442962117493152618408203125;i:1;d:0.1666666666666666574148081281236954964697360992431640625;i:2;d:0.259259259259259244867479310414637438952922821044921875;}}}s:6:\"vektor\";a:2:{i:0;a:1:{i:0;i:1;}i:1;a:1:{i:0;i:0;}}}', 26, 20, 51, '2021-06-22 17:10:01', '2021-06-22 17:10:01', NULL),
(2, 'a:2:{s:9:\"sisntesis\";a:3:{s:6:\"jumlah\";a:2:{i:0;a:3:{i:0;i:2;i:1;i:2;i:2;i:2;}i:1;a:3:{i:0;i:2;i:1;i:2;i:2;i:2;}}s:5:\"total\";a:3:{i:0;i:4;i:1;i:4;i:2;i:4;}s:2:\"si\";a:2:{i:0;a:3:{i:0;d:0.5;i:1;d:0.5;i:2;d:0.5;}i:1;a:3:{i:0;d:0.5;i:1;d:0.5;i:2;d:0.5;}}}s:6:\"vektor\";a:2:{i:0;a:1:{i:0;i:1;}i:1;a:1:{i:0;i:1;}}}', 26, 20, 52, '2021-06-22 17:10:01', '2021-06-22 17:10:01', NULL),
(3, 'a:2:{s:9:\"sisntesis\";a:3:{s:6:\"jumlah\";a:2:{i:0;a:3:{i:0;i:2;i:1;i:2;i:2;i:2;}i:1;a:3:{i:0;i:2;i:1;i:2;i:2;i:2;}}s:5:\"total\";a:3:{i:0;i:4;i:1;i:4;i:2;i:4;}s:2:\"si\";a:2:{i:0;a:3:{i:0;d:0.5;i:1;d:0.5;i:2;d:0.5;}i:1;a:3:{i:0;d:0.5;i:1;d:0.5;i:2;d:0.5;}}}s:6:\"vektor\";a:2:{i:0;a:1:{i:0;i:1;}i:1;a:1:{i:0;i:1;}}}', 27, 20, 53, '2021-06-22 17:10:01', '2021-06-22 17:10:01', NULL),
(4, 'a:2:{s:9:\"sisntesis\";a:3:{s:6:\"jumlah\";a:2:{i:0;a:3:{i:0;i:2;i:1;i:2;i:2;i:2;}i:1;a:3:{i:0;i:2;i:1;i:2;i:2;i:2;}}s:5:\"total\";a:3:{i:0;i:4;i:1;i:4;i:2;i:4;}s:2:\"si\";a:2:{i:0;a:3:{i:0;d:0.5;i:1;d:0.5;i:2;d:0.5;}i:1;a:3:{i:0;d:0.5;i:1;d:0.5;i:2;d:0.5;}}}s:6:\"vektor\";a:2:{i:0;a:1:{i:0;i:1;}i:1;a:1:{i:0;i:1;}}}', 27, 20, 54, '2021-06-22 17:10:01', '2021-06-22 17:10:01', NULL),
(5, 'a:2:{s:9:\"sisntesis\";a:3:{s:6:\"jumlah\";a:2:{i:0;a:3:{i:0;d:6;i:1;d:8;i:2;d:10;}i:1;a:3:{i:0;d:1.111111111111111160454356650006957352161407470703125;i:1;d:1.142857142857142793701541449991054832935333251953125;i:2;d:1.1999999999999999555910790149937383830547332763671875;}}s:5:\"total\";a:3:{i:0;d:7.111111111111110716365146799944341182708740234375;i:1;d:9.142857142857142349612331599928438663482666015625;i:2;d:11.199999999999999289457264239899814128875732421875;}s:2:\"si\";a:2:{i:0;a:3:{i:0;d:0.53571428571428569842538536249776370823383331298828125;i:1;d:0.875;i:2;d:1.40625;}i:1;a:3:{i:0;d:0.0992063492063492147199355031261802650988101959228515625;i:1;d:0.125;i:2;d:0.168750000000000011102230246251565404236316680908203125;}}}s:6:\"vektor\";a:2:{i:0;a:1:{i:0;i:1;}i:1;a:1:{i:0;i:0;}}}', 26, 21, 51, '2021-06-22 17:10:01', '2021-06-22 17:10:01', NULL),
(6, 'a:2:{s:9:\"sisntesis\";a:3:{s:6:\"jumlah\";a:2:{i:0;a:3:{i:0;i:2;i:1;i:2;i:2;i:2;}i:1;a:3:{i:0;i:2;i:1;i:2;i:2;i:2;}}s:5:\"total\";a:3:{i:0;i:4;i:1;i:4;i:2;i:4;}s:2:\"si\";a:2:{i:0;a:3:{i:0;d:0.5;i:1;d:0.5;i:2;d:0.5;}i:1;a:3:{i:0;d:0.5;i:1;d:0.5;i:2;d:0.5;}}}s:6:\"vektor\";a:2:{i:0;a:1:{i:0;i:1;}i:1;a:1:{i:0;i:1;}}}', 26, 21, 52, '2021-06-22 17:10:01', '2021-06-22 17:10:01', NULL),
(7, 'a:2:{s:9:\"sisntesis\";a:3:{s:6:\"jumlah\";a:2:{i:0;a:3:{i:0;i:2;i:1;i:2;i:2;i:2;}i:1;a:3:{i:0;i:2;i:1;i:2;i:2;i:2;}}s:5:\"total\";a:3:{i:0;i:4;i:1;i:4;i:2;i:4;}s:2:\"si\";a:2:{i:0;a:3:{i:0;d:0.5;i:1;d:0.5;i:2;d:0.5;}i:1;a:3:{i:0;d:0.5;i:1;d:0.5;i:2;d:0.5;}}}s:6:\"vektor\";a:2:{i:0;a:1:{i:0;i:1;}i:1;a:1:{i:0;i:1;}}}', 27, 21, 53, '2021-06-22 17:10:01', '2021-06-22 17:10:01', NULL),
(8, 'a:2:{s:9:\"sisntesis\";a:3:{s:6:\"jumlah\";a:2:{i:0;a:3:{i:0;i:2;i:1;i:2;i:2;i:2;}i:1;a:3:{i:0;i:2;i:1;i:2;i:2;i:2;}}s:5:\"total\";a:3:{i:0;i:4;i:1;i:4;i:2;i:4;}s:2:\"si\";a:2:{i:0;a:3:{i:0;d:0.5;i:1;d:0.5;i:2;d:0.5;}i:1;a:3:{i:0;d:0.5;i:1;d:0.5;i:2;d:0.5;}}}s:6:\"vektor\";a:2:{i:0;a:1:{i:0;i:1;}i:1;a:1:{i:0;i:1;}}}', 27, 21, 54, '2021-06-22 17:10:01', '2021-06-22 17:10:01', NULL);

-- --------------------------------------------------------

--
-- Tablo için tablo yapısı `pemasok_subs`
--

CREATE TABLE `pemasok_subs` (
  `id` int(10) UNSIGNED NOT NULL,
  `pemasok1_id` int(10) UNSIGNED NOT NULL,
  `nilai` double(8,2) NOT NULL,
  `pemasok2_id` int(10) UNSIGNED NOT NULL,
  `kriteria_id` int(10) UNSIGNED NOT NULL,
  `created_at` timestamp NULL DEFAULT NULL,
  `updated_at` timestamp NULL DEFAULT NULL,
  `deleted_at` timestamp NULL DEFAULT NULL,
  `expert_id` int(10) UNSIGNED NOT NULL,
  `sub_kriteria_id` int(10) UNSIGNED NOT NULL
) ENGINE=InnoDB DEFAULT CHARSET=utf8mb4 COLLATE=utf8mb4_unicode_ci;

--
-- Tablo döküm verisi `pemasok_subs`
--

INSERT INTO `pemasok_subs` (`id`, `pemasok1_id`, `nilai`, `pemasok2_id`, `kriteria_id`, `created_at`, `updated_at`, `deleted_at`, `expert_id`, `sub_kriteria_id`) VALUES
(1, 1, 2.00, 2, 7, '2021-04-29 06:58:40', '2021-04-29 07:00:55', '2021-04-29 07:00:55', 4, 4),
(2, 1, 5.00, 2, 7, '2021-04-29 06:58:54', '2021-04-29 07:00:55', '2021-04-29 07:00:55', 5, 4),
(3, 7, 1.00, 8, 13, '2021-04-29 15:44:37', '2021-04-29 15:46:55', '2021-04-29 15:46:55', 10, 21),
(4, 7, 2.00, 9, 13, '2021-04-29 15:44:40', '2021-04-29 15:46:55', '2021-04-29 15:46:55', 10, 21),
(5, 8, 3.00, 9, 13, '2021-04-29 15:44:43', '2021-04-29 15:46:55', '2021-04-29 15:46:55', 10, 21),
(6, 7, 4.00, 8, 13, '2021-04-29 15:44:50', '2021-04-29 15:46:55', '2021-04-29 15:46:55', 11, 21),
(7, 7, 5.00, 9, 13, '2021-04-29 15:44:52', '2021-04-29 15:46:55', '2021-04-29 15:46:55', 11, 21),
(8, 8, 6.00, 9, 13, '2021-04-29 15:44:54', '2021-04-29 15:46:55', '2021-04-29 15:46:55', 11, 21),
(9, 7, 7.00, 8, 13, '2021-04-29 15:44:59', '2021-04-29 15:46:55', '2021-04-29 15:46:55', 12, 21),
(10, 7, 8.00, 9, 13, '2021-04-29 15:45:01', '2021-04-29 15:46:55', '2021-04-29 15:46:55', 12, 21),
(11, 8, 9.00, 9, 13, '2021-04-29 15:45:04', '2021-04-29 15:46:55', '2021-04-29 15:46:55', 12, 21),
(12, 10, 1.00, 11, 16, '2021-04-29 15:56:16', '2021-04-29 15:59:03', '2021-04-29 15:59:03', 13, 24),
(13, 10, 2.00, 12, 16, '2021-04-29 15:56:18', '2021-04-29 15:59:03', '2021-04-29 15:59:03', 13, 24),
(14, 11, 3.00, 12, 16, '2021-04-29 15:56:21', '2021-04-29 15:59:03', '2021-04-29 15:59:03', 13, 24),
(15, 10, 4.00, 11, 16, '2021-04-29 15:56:27', '2021-04-29 15:59:03', '2021-04-29 15:59:03', 14, 24),
(16, 10, 5.00, 12, 16, '2021-04-29 15:56:29', '2021-04-29 15:59:03', '2021-04-29 15:59:03', 14, 24),
(17, 11, 6.00, 12, 16, '2021-04-29 15:56:31', '2021-04-29 15:59:03', '2021-04-29 15:59:03', 14, 24),
(18, 10, 7.00, 11, 16, '2021-04-29 15:56:36', '2021-04-29 15:59:03', '2021-04-29 15:59:03', 15, 24),
(19, 10, 8.00, 12, 16, '2021-04-29 15:56:38', '2021-04-29 15:59:03', '2021-04-29 15:59:03', 15, 24),
(20, 11, 9.00, 12, 16, '2021-04-29 15:56:40', '2021-04-29 15:59:03', '2021-04-29 15:59:03', 15, 24),
(21, 10, 1.00, 11, 20, '2021-06-21 09:17:27', '2021-06-21 09:21:34', '2021-06-21 09:21:34', 13, 39),
(22, 10, 2.00, 12, 20, '2021-06-21 09:17:30', '2021-06-21 09:21:34', '2021-06-21 09:21:34', 13, 39),
(23, 11, 3.00, 12, 20, '2021-06-21 09:17:33', '2021-06-21 09:21:34', '2021-06-21 09:21:34', 13, 39),
(24, 10, 1.00, 11, 20, '2021-06-21 09:20:13', '2021-06-21 09:21:34', '2021-06-21 09:21:34', 14, 39),
(25, 10, 2.00, 12, 20, '2021-06-21 09:20:15', '2021-06-21 09:21:34', '2021-06-21 09:21:34', 14, 39),
(26, 11, 3.00, 12, 20, '2021-06-21 09:20:16', '2021-06-21 09:21:34', '2021-06-21 09:21:34', 14, 39),
(27, 10, 3.00, 11, 20, '2021-06-21 09:20:21', '2021-06-21 09:21:34', '2021-06-21 09:21:34', 15, 39),
(28, 10, 2.00, 12, 20, '2021-06-21 09:20:22', '2021-06-21 09:21:34', '2021-06-21 09:21:34', 15, 39),
(29, 11, 1.00, 12, 20, '2021-06-21 09:20:24', '2021-06-21 09:21:34', '2021-06-21 09:21:34', 15, 39),
(30, 13, 7.00, 14, 22, '2021-06-21 09:26:06', '2021-06-21 09:37:10', '2021-06-21 09:37:10', 17, 45),
(31, 13, 6.00, 15, 22, '2021-06-21 09:26:12', '2021-06-21 09:37:10', '2021-06-21 09:37:10', 17, 45),
(32, 14, 5.00, 15, 22, '2021-06-21 09:26:20', '2021-06-21 09:37:10', '2021-06-21 09:37:10', 17, 45),
(33, 13, 4.00, 14, 22, '2021-06-21 09:26:28', '2021-06-21 09:37:10', '2021-06-21 09:37:10', 18, 45),
(34, 13, 5.00, 15, 22, '2021-06-21 09:26:30', '2021-06-21 09:37:10', '2021-06-21 09:37:10', 18, 45),
(35, 14, 6.00, 15, 22, '2021-06-21 09:26:31', '2021-06-21 09:37:10', '2021-06-21 09:37:10', 18, 45),
(36, 13, 1.00, 14, 22, '2021-06-21 09:26:38', '2021-06-21 09:37:10', '2021-06-21 09:37:10', 19, 45),
(37, 13, 4.00, 15, 22, '2021-06-21 09:26:40', '2021-06-21 09:37:10', '2021-06-21 09:37:10', 19, 45),
(38, 14, 7.00, 15, 22, '2021-06-21 09:26:42', '2021-06-21 09:37:10', '2021-06-21 09:37:10', 19, 45),
(39, 16, 5.00, 17, 26, '2021-06-22 13:45:58', '2021-06-22 13:45:58', NULL, 20, 51),
(40, 16, 7.00, 17, 26, '2021-06-22 13:46:05', '2021-06-22 13:46:05', NULL, 21, 51);

-- --------------------------------------------------------

--
-- Tablo için tablo yapısı `pemasok_sub_results`
--

CREATE TABLE `pemasok_sub_results` (
  `id` int(10) UNSIGNED NOT NULL,
  `data` longtext COLLATE utf8mb4_unicode_ci NOT NULL,
  `kriteria_id` int(10) UNSIGNED NOT NULL,
  `expert_id` int(10) UNSIGNED NOT NULL,
  `sub_kriteria_id` int(10) UNSIGNED NOT NULL,
  `created_at` timestamp NULL DEFAULT NULL,
  `updated_at` timestamp NULL DEFAULT NULL,
  `deleted_at` timestamp NULL DEFAULT NULL
) ENGINE=InnoDB DEFAULT CHARSET=utf8mb4 COLLATE=utf8mb4_unicode_ci;

-- --------------------------------------------------------

--
-- Tablo için tablo yapısı `sub_kriterias`
--

CREATE TABLE `sub_kriterias` (
  `id` int(10) UNSIGNED NOT NULL,
  `kriteria_id` int(10) UNSIGNED NOT NULL,
  `nama_sub_kriteria` varchar(191) COLLATE utf8mb4_unicode_ci NOT NULL,
  `created_at` timestamp NULL DEFAULT NULL,
  `updated_at` timestamp NULL DEFAULT NULL,
  `deleted_at` timestamp NULL DEFAULT NULL
) ENGINE=InnoDB DEFAULT CHARSET=utf8mb4 COLLATE=utf8mb4_unicode_ci;

--
-- Tablo döküm verisi `sub_kriterias`
--

INSERT INTO `sub_kriterias` (`id`, `kriteria_id`, `nama_sub_kriteria`, `created_at`, `updated_at`, `deleted_at`) VALUES
(1, 5, 'kb', '2021-04-20 17:12:31', '2021-04-29 05:10:22', '2021-04-29 05:10:22'),
(2, 5, 'dtb', '2021-04-20 17:12:37', '2021-04-29 05:10:22', '2021-04-29 05:10:22'),
(3, 5, 'mb', '2021-04-20 17:12:43', '2021-04-29 05:10:22', '2021-04-29 05:10:22'),
(4, 7, '1', '2021-04-29 06:54:57', '2021-04-29 07:00:55', '2021-04-29 07:00:55'),
(5, 7, '2', '2021-04-29 06:55:01', '2021-04-29 07:00:55', '2021-04-29 07:00:55'),
(6, 7, '5', '2021-04-29 06:55:05', '2021-04-29 07:00:55', '2021-04-29 07:00:55'),
(7, 8, '2', '2021-04-29 06:55:28', '2021-04-29 07:00:57', '2021-04-29 07:00:57'),
(8, 8, '4', '2021-04-29 06:55:31', '2021-04-29 07:00:57', '2021-04-29 07:00:57'),
(9, 8, '5', '2021-04-29 06:55:34', '2021-04-29 07:00:57', '2021-04-29 07:00:57'),
(10, 9, '5', '2021-04-29 06:56:22', '2021-04-29 07:00:59', '2021-04-29 07:00:59'),
(11, 9, '7', '2021-04-29 06:56:34', '2021-04-29 07:00:59', '2021-04-29 07:00:59'),
(12, 10, 'abb', '2021-04-29 07:01:58', '2021-04-29 07:08:32', '2021-04-29 07:08:32'),
(13, 10, 'abd', '2021-04-29 07:02:13', '2021-04-29 07:08:32', '2021-04-29 07:08:32'),
(14, 10, 'abc', '2021-04-29 07:02:16', '2021-04-29 07:08:32', '2021-04-29 07:08:32'),
(15, 11, 'add', '2021-04-29 07:02:23', '2021-04-29 07:08:34', '2021-04-29 07:08:34'),
(16, 11, 'adb', '2021-04-29 07:02:30', '2021-04-29 07:08:34', '2021-04-29 07:08:34'),
(17, 11, 'adc', '2021-04-29 07:02:36', '2021-04-29 07:08:34', '2021-04-29 07:08:34'),
(18, 12, 'acb', '2021-04-29 07:02:44', '2021-04-29 07:08:36', '2021-04-29 07:08:36'),
(19, 12, 'acc', '2021-04-29 07:02:49', '2021-04-29 07:08:36', '2021-04-29 07:08:36'),
(20, 12, 'acd', '2021-04-29 07:02:51', '2021-04-29 07:08:36', '2021-04-29 07:08:36'),
(21, 13, 'aa', '2021-04-29 15:42:15', '2021-04-29 15:46:55', '2021-04-29 15:46:55'),
(22, 13, 'bb', '2021-04-29 15:42:18', '2021-04-29 15:46:55', '2021-04-29 15:46:55'),
(23, 13, 'cc', '2021-04-29 15:42:21', '2021-04-29 15:46:55', '2021-04-29 15:46:55'),
(24, 16, 'aa', '2021-04-29 15:53:46', '2021-04-29 15:59:03', '2021-04-29 15:59:03'),
(25, 16, 'bb', '2021-04-29 15:53:52', '2021-04-29 15:59:03', '2021-04-29 15:59:03'),
(26, 16, 'cc', '2021-04-29 15:53:54', '2021-04-29 15:59:03', '2021-04-29 15:59:03'),
(27, 17, 'aa', '2021-04-29 15:54:07', '2021-04-29 15:59:05', '2021-04-29 15:59:05'),
(28, 17, 'bb', '2021-04-29 15:54:09', '2021-04-29 15:59:05', '2021-04-29 15:59:05'),
(29, 17, 'cc', '2021-04-29 15:54:11', '2021-04-29 15:59:05', '2021-04-29 15:59:05'),
(30, 18, 'aa', '2021-04-29 15:54:17', '2021-04-29 15:59:06', '2021-04-29 15:59:06'),
(31, 18, 'bb', '2021-04-29 15:54:20', '2021-04-29 15:59:06', '2021-04-29 15:59:06'),
(32, 18, 'cc', '2021-04-29 15:54:22', '2021-04-29 15:59:06', '2021-04-29 15:59:06'),
(33, 19, '2', '2021-06-21 09:12:50', '2021-06-21 09:15:47', '2021-06-21 09:15:47'),
(34, 19, '5', '2021-06-21 09:12:57', '2021-06-21 09:15:47', '2021-06-21 09:15:47'),
(35, 19, 'dtb', '2021-06-21 09:12:59', '2021-06-21 09:15:47', '2021-06-21 09:15:47'),
(36, 19, 'kb', '2021-06-21 09:13:01', '2021-06-21 09:15:47', '2021-06-21 09:15:47'),
(37, 19, 'mb', '2021-06-21 09:13:04', '2021-06-21 09:15:47', '2021-06-21 09:15:47'),
(38, 19, '1', '2021-06-21 09:13:08', '2021-06-21 09:15:47', '2021-06-21 09:15:47'),
(39, 20, 'kb', '2021-06-21 09:16:00', '2021-06-21 09:21:34', '2021-06-21 09:21:34'),
(40, 20, 'dtb', '2021-06-21 09:16:03', '2021-06-21 09:21:34', '2021-06-21 09:21:34'),
(41, 20, 'mb', '2021-06-21 09:16:06', '2021-06-21 09:21:34', '2021-06-21 09:21:34'),
(42, 21, 'asd', '2021-06-21 09:19:06', '2021-06-21 09:21:36', '2021-06-21 09:21:36'),
(43, 21, 'acd', '2021-06-21 09:19:10', '2021-06-21 09:21:36', '2021-06-21 09:21:36'),
(44, 21, 'acb', '2021-06-21 09:19:14', '2021-06-21 09:21:36', '2021-06-21 09:21:36'),
(45, 22, 'aa', '2021-06-21 09:22:47', '2021-06-21 09:37:10', '2021-06-21 09:37:10'),
(46, 22, 'bb', '2021-06-21 09:22:50', '2021-06-21 09:37:10', '2021-06-21 09:37:10'),
(47, 22, 'cc', '2021-06-21 09:22:52', '2021-06-21 09:37:10', '2021-06-21 09:37:10'),
(48, 23, 'dd', '2021-06-21 09:23:02', '2021-06-21 09:37:13', '2021-06-21 09:37:13'),
(49, 23, 'ee', '2021-06-21 09:23:04', '2021-06-21 09:37:13', '2021-06-21 09:37:13'),
(50, 23, 'ff', '2021-06-21 09:23:08', '2021-06-21 09:37:13', '2021-06-21 09:37:13'),
(51, 26, 'as', '2021-06-22 13:44:27', '2021-06-22 13:44:27', NULL),
(52, 26, 'ad', '2021-06-22 13:44:31', '2021-06-22 13:44:31', NULL),
(53, 27, 'fs', '2021-06-22 13:44:54', '2021-06-22 13:44:54', NULL),
(54, 27, 'fd', '2021-06-22 13:44:56', '2021-06-22 13:44:56', NULL);

-- --------------------------------------------------------

--
-- Tablo için tablo yapısı `sub_kriteria_sub_kriterias`
--

CREATE TABLE `sub_kriteria_sub_kriterias` (
  `id` int(10) UNSIGNED NOT NULL,
  `sub_kriteria1_id` int(10) UNSIGNED NOT NULL,
  `sub_kriteria2_id` int(10) UNSIGNED NOT NULL,
  `expert_id` int(10) UNSIGNED NOT NULL,
  `nilai` double(8,2) NOT NULL,
  `created_at` timestamp NULL DEFAULT NULL,
  `updated_at` timestamp NULL DEFAULT NULL,
  `deleted_at` timestamp NULL DEFAULT NULL,
  `kriteria_id` int(10) UNSIGNED NOT NULL
) ENGINE=InnoDB DEFAULT CHARSET=utf8mb4 COLLATE=utf8mb4_unicode_ci;

--
-- Tablo döküm verisi `sub_kriteria_sub_kriterias`
--

INSERT INTO `sub_kriteria_sub_kriterias` (`id`, `sub_kriteria1_id`, `sub_kriteria2_id`, `expert_id`, `nilai`, `created_at`, `updated_at`, `deleted_at`, `kriteria_id`) VALUES
(1, 33, 34, 13, 3.00, '2021-06-21 09:13:26', '2021-06-21 09:15:47', '2021-06-21 09:15:47', 19),
(2, 33, 35, 13, 4.00, '2021-06-21 09:13:32', '2021-06-21 09:15:47', '2021-06-21 09:15:47', 19),
(3, 33, 36, 13, 5.00, '2021-06-21 09:13:35', '2021-06-21 09:15:47', '2021-06-21 09:15:47', 19),
(4, 33, 37, 13, 6.00, '2021-06-21 09:13:37', '2021-06-21 09:15:47', '2021-06-21 09:15:47', 19),
(5, 33, 38, 13, 7.00, '2021-06-21 09:13:39', '2021-06-21 09:15:47', '2021-06-21 09:15:47', 19),
(6, 34, 35, 13, 4.00, '2021-06-21 09:13:42', '2021-06-21 09:15:47', '2021-06-21 09:15:47', 19),
(7, 34, 36, 13, 2.00, '2021-06-21 09:13:44', '2021-06-21 09:15:47', '2021-06-21 09:15:47', 19),
(8, 34, 37, 13, 2.00, '2021-06-21 09:13:47', '2021-06-21 09:15:47', '2021-06-21 09:15:47', 19),
(9, 34, 38, 13, 5.00, '2021-06-21 09:13:50', '2021-06-21 09:15:47', '2021-06-21 09:15:47', 19),
(10, 35, 36, 13, 3.00, '2021-06-21 09:13:52', '2021-06-21 09:15:47', '2021-06-21 09:15:47', 19),
(11, 35, 37, 13, 5.00, '2021-06-21 09:13:54', '2021-06-21 09:15:47', '2021-06-21 09:15:47', 19),
(12, 39, 40, 13, 1.00, '2021-06-21 09:16:12', '2021-06-21 09:21:34', '2021-06-21 09:21:34', 20),
(13, 39, 41, 13, 2.00, '2021-06-21 09:16:13', '2021-06-21 09:21:34', '2021-06-21 09:21:34', 20),
(14, 40, 41, 13, 3.00, '2021-06-21 09:16:15', '2021-06-21 09:21:34', '2021-06-21 09:21:34', 20),
(15, 39, 40, 14, 3.00, '2021-06-21 09:18:07', '2021-06-21 09:21:34', '2021-06-21 09:21:34', 20),
(16, 39, 41, 14, 2.00, '2021-06-21 09:18:09', '2021-06-21 09:21:34', '2021-06-21 09:21:34', 20),
(17, 40, 41, 14, 1.00, '2021-06-21 09:18:11', '2021-06-21 09:21:34', '2021-06-21 09:21:34', 20),
(18, 39, 40, 15, 1.00, '2021-06-21 09:18:13', '2021-06-21 09:21:34', '2021-06-21 09:21:34', 20),
(19, 39, 41, 15, 2.00, '2021-06-21 09:18:15', '2021-06-21 09:21:34', '2021-06-21 09:21:34', 20),
(20, 40, 41, 15, 3.00, '2021-06-21 09:18:17', '2021-06-21 09:21:34', '2021-06-21 09:21:34', 20),
(21, 42, 43, 13, 1.00, '2021-06-21 09:19:23', '2021-06-21 09:21:36', '2021-06-21 09:21:36', 21),
(22, 42, 44, 13, 2.00, '2021-06-21 09:19:25', '2021-06-21 09:21:36', '2021-06-21 09:21:36', 21),
(23, 43, 44, 13, 3.00, '2021-06-21 09:19:26', '2021-06-21 09:21:36', '2021-06-21 09:21:36', 21),
(24, 42, 43, 14, 3.00, '2021-06-21 09:19:27', '2021-06-21 09:21:36', '2021-06-21 09:21:36', 21),
(25, 42, 44, 14, 2.00, '2021-06-21 09:19:29', '2021-06-21 09:21:36', '2021-06-21 09:21:36', 21),
(26, 43, 44, 14, 1.00, '2021-06-21 09:19:30', '2021-06-21 09:21:36', '2021-06-21 09:21:36', 21),
(27, 42, 43, 15, 1.00, '2021-06-21 09:19:31', '2021-06-21 09:21:36', '2021-06-21 09:21:36', 21),
(28, 42, 44, 15, 2.00, '2021-06-21 09:19:32', '2021-06-21 09:21:36', '2021-06-21 09:21:36', 21),
(29, 43, 44, 15, 3.00, '2021-06-21 09:19:33', '2021-06-21 09:21:36', '2021-06-21 09:21:36', 21),
(30, 51, 52, 20, 9.00, '2021-06-22 13:46:27', '2021-06-22 13:46:27', NULL, 26),
(31, 51, 52, 21, 8.00, '2021-06-22 13:46:29', '2021-06-22 13:46:29', NULL, 26),
(32, 53, 54, 20, 7.00, '2021-06-22 13:46:37', '2021-06-22 13:46:37', NULL, 27),
(33, 53, 54, 21, 6.00, '2021-06-22 13:46:39', '2021-06-22 13:46:39', NULL, 27);

-- --------------------------------------------------------

--
-- Tablo için tablo yapısı `users`
--

CREATE TABLE `users` (
  `id` int(10) UNSIGNED NOT NULL,
  `name` varchar(191) COLLATE utf8mb4_unicode_ci NOT NULL,
  `email` varchar(191) COLLATE utf8mb4_unicode_ci NOT NULL,
  `password` varchar(191) COLLATE utf8mb4_unicode_ci NOT NULL,
  `remember_token` varchar(100) COLLATE utf8mb4_unicode_ci DEFAULT NULL,
  `created_at` timestamp NULL DEFAULT NULL,
  `updated_at` timestamp NULL DEFAULT NULL
) ENGINE=InnoDB DEFAULT CHARSET=utf8mb4 COLLATE=utf8mb4_unicode_ci;

--
-- Tablo döküm verisi `users`
--

INSERT INTO `users` (`id`, `name`, `email`, `password`, `remember_token`, `created_at`, `updated_at`) VALUES
(2, 'administrator', 'spamcontroller@pm.me', '$2y$10$V311GSziHdUkKM1gWagV3Oep2VvD3OSyWICuaaUVcC.TDvVHVkZse', 'WicCrI7Z1hnuTBsw6cG2vEdtKR87LBh1F3SEgQm9bgNeaDTBb56Ja5H5A1Q0', '2021-04-29 05:09:58', '2021-04-29 05:09:58');

--
-- Dökümü yapılmış tablolar için indeksler
--

--
-- Tablo için indeksler `experts`
--
ALTER TABLE `experts`
  ADD PRIMARY KEY (`id`);

--
-- Tablo için indeksler `expert_kriteria_comparisons`
--
ALTER TABLE `expert_kriteria_comparisons`
  ADD PRIMARY KEY (`id`);

--
-- Tablo için indeksler `expert_sub_comparisons`
--
ALTER TABLE `expert_sub_comparisons`
  ADD PRIMARY KEY (`id`),
  ADD KEY `expert_sub_comparisons_kriteria_id_foreign` (`kriteria_id`);

--
-- Tablo için indeksler `fuzzy_kriterias`
--
ALTER TABLE `fuzzy_kriterias`
  ADD PRIMARY KEY (`id`);

--
-- Tablo için indeksler `fuzzy_subs`
--
ALTER TABLE `fuzzy_subs`
  ADD PRIMARY KEY (`id`),
  ADD KEY `fuzzy_subs_kriteria_id_foreign` (`kriteria_id`);

--
-- Tablo için indeksler `kriterias`
--
ALTER TABLE `kriterias`
  ADD PRIMARY KEY (`id`);

--
-- Tablo için indeksler `kriteria_kriterias`
--
ALTER TABLE `kriteria_kriterias`
  ADD PRIMARY KEY (`id`),
  ADD KEY `kriteria_kriterias_kriteria1_id_foreign` (`kriteria1_id`),
  ADD KEY `kriteria_kriterias_kriteria2_id_foreign` (`kriteria2_id`),
  ADD KEY `kriteria_kriterias_expert_id_foreign` (`expert_id`);

--
-- Tablo için indeksler `migrations`
--
ALTER TABLE `migrations`
  ADD PRIMARY KEY (`id`);

--
-- Tablo için indeksler `password_resets`
--
ALTER TABLE `password_resets`
  ADD KEY `password_resets_email_index` (`email`);

--
-- Tablo için indeksler `pemasoks`
--
ALTER TABLE `pemasoks`
  ADD PRIMARY KEY (`id`);

--
-- Tablo için indeksler `pemasok_fuzzy_results`
--
ALTER TABLE `pemasok_fuzzy_results`
  ADD PRIMARY KEY (`id`),
  ADD KEY `pemasok_fuzzy_results_kriteria_id_foreign` (`kriteria_id`),
  ADD KEY `pemasok_fuzzy_results_expert_id_foreign` (`expert_id`),
  ADD KEY `pemasok_fuzzy_results_sub_kriteria_id_foreign` (`sub_kriteria_id`);

--
-- Tablo için indeksler `pemasok_subs`
--
ALTER TABLE `pemasok_subs`
  ADD PRIMARY KEY (`id`),
  ADD KEY `pemasok_subs_pemasok1_id_foreign` (`pemasok1_id`),
  ADD KEY `pemasok_subs_pemasok2_id_foreign` (`pemasok2_id`),
  ADD KEY `pemasok_subs_kriteria_id_foreign` (`kriteria_id`),
  ADD KEY `pemasok_subs_expert_id_foreign` (`expert_id`),
  ADD KEY `pemasok_subs_sub_kriteria_id_foreign` (`sub_kriteria_id`);

--
-- Tablo için indeksler `pemasok_sub_results`
--
ALTER TABLE `pemasok_sub_results`
  ADD PRIMARY KEY (`id`),
  ADD KEY `pemasok_sub_results_kriteria_id_foreign` (`kriteria_id`),
  ADD KEY `pemasok_sub_results_expert_id_foreign` (`expert_id`),
  ADD KEY `pemasok_sub_results_sub_kriteria_id_foreign` (`sub_kriteria_id`);

--
-- Tablo için indeksler `sub_kriterias`
--
ALTER TABLE `sub_kriterias`
  ADD PRIMARY KEY (`id`),
  ADD KEY `sub_kriterias_kriteria_id_foreign` (`kriteria_id`);

--
-- Tablo için indeksler `sub_kriteria_sub_kriterias`
--
ALTER TABLE `sub_kriteria_sub_kriterias`
  ADD PRIMARY KEY (`id`),
  ADD KEY `sub_kriteria_sub_kriterias_sub_kriteria1_id_foreign` (`sub_kriteria1_id`),
  ADD KEY `sub_kriteria_sub_kriterias_sub_kriteria2_id_foreign` (`sub_kriteria2_id`),
  ADD KEY `sub_kriteria_sub_kriterias_expert_id_foreign` (`expert_id`),
  ADD KEY `sub_kriteria_sub_kriterias_kriteria_id_foreign` (`kriteria_id`);

--
-- Tablo için indeksler `users`
--
ALTER TABLE `users`
  ADD PRIMARY KEY (`id`),
  ADD UNIQUE KEY `users_email_unique` (`email`);

--
-- Dökümü yapılmış tablolar için AUTO_INCREMENT değeri
--

--
-- Tablo için AUTO_INCREMENT değeri `experts`
--
ALTER TABLE `experts`
  MODIFY `id` int(10) UNSIGNED NOT NULL AUTO_INCREMENT, AUTO_INCREMENT=22;

--
-- Tablo için AUTO_INCREMENT değeri `expert_kriteria_comparisons`
--
ALTER TABLE `expert_kriteria_comparisons`
  MODIFY `id` int(10) UNSIGNED NOT NULL AUTO_INCREMENT;

--
-- Tablo için AUTO_INCREMENT değeri `expert_sub_comparisons`
--
ALTER TABLE `expert_sub_comparisons`
  MODIFY `id` int(10) UNSIGNED NOT NULL AUTO_INCREMENT;

--
-- Tablo için AUTO_INCREMENT değeri `fuzzy_kriterias`
--
ALTER TABLE `fuzzy_kriterias`
  MODIFY `id` int(10) UNSIGNED NOT NULL AUTO_INCREMENT, AUTO_INCREMENT=3;

--
-- Tablo için AUTO_INCREMENT değeri `fuzzy_subs`
--
ALTER TABLE `fuzzy_subs`
  MODIFY `id` int(10) UNSIGNED NOT NULL AUTO_INCREMENT, AUTO_INCREMENT=5;

--
-- Tablo için AUTO_INCREMENT değeri `kriterias`
--
ALTER TABLE `kriterias`
  MODIFY `id` int(10) UNSIGNED NOT NULL AUTO_INCREMENT, AUTO_INCREMENT=30;

--
-- Tablo için AUTO_INCREMENT değeri `kriteria_kriterias`
--
ALTER TABLE `kriteria_kriterias`
  MODIFY `id` int(10) UNSIGNED NOT NULL AUTO_INCREMENT, AUTO_INCREMENT=45;

--
-- Tablo için AUTO_INCREMENT değeri `migrations`
--
ALTER TABLE `migrations`
  MODIFY `id` int(10) UNSIGNED NOT NULL AUTO_INCREMENT, AUTO_INCREMENT=21;

--
-- Tablo için AUTO_INCREMENT değeri `pemasoks`
--
ALTER TABLE `pemasoks`
  MODIFY `id` int(10) UNSIGNED NOT NULL AUTO_INCREMENT, AUTO_INCREMENT=18;

--
-- Tablo için AUTO_INCREMENT değeri `pemasok_fuzzy_results`
--
ALTER TABLE `pemasok_fuzzy_results`
  MODIFY `id` int(10) UNSIGNED NOT NULL AUTO_INCREMENT, AUTO_INCREMENT=9;

--
-- Tablo için AUTO_INCREMENT değeri `pemasok_subs`
--
ALTER TABLE `pemasok_subs`
  MODIFY `id` int(10) UNSIGNED NOT NULL AUTO_INCREMENT, AUTO_INCREMENT=41;

--
-- Tablo için AUTO_INCREMENT değeri `pemasok_sub_results`
--
ALTER TABLE `pemasok_sub_results`
  MODIFY `id` int(10) UNSIGNED NOT NULL AUTO_INCREMENT;

--
-- Tablo için AUTO_INCREMENT değeri `sub_kriterias`
--
ALTER TABLE `sub_kriterias`
  MODIFY `id` int(10) UNSIGNED NOT NULL AUTO_INCREMENT, AUTO_INCREMENT=55;

--
-- Tablo için AUTO_INCREMENT değeri `sub_kriteria_sub_kriterias`
--
ALTER TABLE `sub_kriteria_sub_kriterias`
  MODIFY `id` int(10) UNSIGNED NOT NULL AUTO_INCREMENT, AUTO_INCREMENT=34;

--
-- Tablo için AUTO_INCREMENT değeri `users`
--
ALTER TABLE `users`
  MODIFY `id` int(10) UNSIGNED NOT NULL AUTO_INCREMENT, AUTO_INCREMENT=3;

--
-- Dökümü yapılmış tablolar için kısıtlamalar
--

--
-- Tablo kısıtlamaları `expert_sub_comparisons`
--
ALTER TABLE `expert_sub_comparisons`
  ADD CONSTRAINT `expert_sub_comparisons_kriteria_id_foreign` FOREIGN KEY (`kriteria_id`) REFERENCES `kriterias` (`id`);

--
-- Tablo kısıtlamaları `fuzzy_subs`
--
ALTER TABLE `fuzzy_subs`
  ADD CONSTRAINT `fuzzy_subs_kriteria_id_foreign` FOREIGN KEY (`kriteria_id`) REFERENCES `kriterias` (`id`);

--
-- Tablo kısıtlamaları `kriteria_kriterias`
--
ALTER TABLE `kriteria_kriterias`
  ADD CONSTRAINT `kriteria_kriterias_expert_id_foreign` FOREIGN KEY (`expert_id`) REFERENCES `experts` (`id`),
  ADD CONSTRAINT `kriteria_kriterias_kriteria1_id_foreign` FOREIGN KEY (`kriteria1_id`) REFERENCES `kriterias` (`id`),
  ADD CONSTRAINT `kriteria_kriterias_kriteria2_id_foreign` FOREIGN KEY (`kriteria2_id`) REFERENCES `kriterias` (`id`);

--
-- Tablo kısıtlamaları `pemasok_fuzzy_results`
--
ALTER TABLE `pemasok_fuzzy_results`
  ADD CONSTRAINT `pemasok_fuzzy_results_expert_id_foreign` FOREIGN KEY (`expert_id`) REFERENCES `experts` (`id`),
  ADD CONSTRAINT `pemasok_fuzzy_results_kriteria_id_foreign` FOREIGN KEY (`kriteria_id`) REFERENCES `kriterias` (`id`),
  ADD CONSTRAINT `pemasok_fuzzy_results_sub_kriteria_id_foreign` FOREIGN KEY (`sub_kriteria_id`) REFERENCES `sub_kriterias` (`id`);

--
-- Tablo kısıtlamaları `pemasok_subs`
--
ALTER TABLE `pemasok_subs`
  ADD CONSTRAINT `pemasok_subs_expert_id_foreign` FOREIGN KEY (`expert_id`) REFERENCES `experts` (`id`),
  ADD CONSTRAINT `pemasok_subs_kriteria_id_foreign` FOREIGN KEY (`kriteria_id`) REFERENCES `kriterias` (`id`),
  ADD CONSTRAINT `pemasok_subs_pemasok1_id_foreign` FOREIGN KEY (`pemasok1_id`) REFERENCES `pemasoks` (`id`),
  ADD CONSTRAINT `pemasok_subs_pemasok2_id_foreign` FOREIGN KEY (`pemasok2_id`) REFERENCES `pemasoks` (`id`),
  ADD CONSTRAINT `pemasok_subs_sub_kriteria_id_foreign` FOREIGN KEY (`sub_kriteria_id`) REFERENCES `sub_kriterias` (`id`);

--
-- Tablo kısıtlamaları `pemasok_sub_results`
--
ALTER TABLE `pemasok_sub_results`
  ADD CONSTRAINT `pemasok_sub_results_expert_id_foreign` FOREIGN KEY (`expert_id`) REFERENCES `experts` (`id`),
  ADD CONSTRAINT `pemasok_sub_results_kriteria_id_foreign` FOREIGN KEY (`kriteria_id`) REFERENCES `kriterias` (`id`),
  ADD CONSTRAINT `pemasok_sub_results_sub_kriteria_id_foreign` FOREIGN KEY (`sub_kriteria_id`) REFERENCES `sub_kriterias` (`id`);

--
-- Tablo kısıtlamaları `sub_kriterias`
--
ALTER TABLE `sub_kriterias`
  ADD CONSTRAINT `sub_kriterias_kriteria_id_foreign` FOREIGN KEY (`kriteria_id`) REFERENCES `kriterias` (`id`);

--
-- Tablo kısıtlamaları `sub_kriteria_sub_kriterias`
--
ALTER TABLE `sub_kriteria_sub_kriterias`
  ADD CONSTRAINT `sub_kriteria_sub_kriterias_expert_id_foreign` FOREIGN KEY (`expert_id`) REFERENCES `experts` (`id`),
  ADD CONSTRAINT `sub_kriteria_sub_kriterias_kriteria_id_foreign` FOREIGN KEY (`kriteria_id`) REFERENCES `kriterias` (`id`),
  ADD CONSTRAINT `sub_kriteria_sub_kriterias_sub_kriteria1_id_foreign` FOREIGN KEY (`sub_kriteria1_id`) REFERENCES `sub_kriterias` (`id`),
  ADD CONSTRAINT `sub_kriteria_sub_kriterias_sub_kriteria2_id_foreign` FOREIGN KEY (`sub_kriteria2_id`) REFERENCES `sub_kriterias` (`id`);
COMMIT;

/*!40101 SET CHARACTER_SET_CLIENT=@OLD_CHARACTER_SET_CLIENT */;
/*!40101 SET CHARACTER_SET_RESULTS=@OLD_CHARACTER_SET_RESULTS */;
/*!40101 SET COLLATION_CONNECTION=@OLD_COLLATION_CONNECTION */;
